"Sample","RMSE","Pseudo_R2"
"Train",21.456883119354,0.253110087408552
"Test",21.3913618350881,0.193796158806657
