"Sample","RMSE","Pseudo_R2"
"Train",24.0854478151888,0.0589064999048198
"Test",22.8498117319728,0.0801156134947809
